<?xml version="1.0" encoding="utf-8" ?>
<Defs>

  <!--================================ space double bed ======================================-->

  <ThingDef ParentName="SDGoodnightBedBase">
    <defName>sd_space_double_bed</defName>
    <label>space double bed</label>
    <description>A comfy bed. Fits two. On the task of "going to space" this bed was literally first developed as a small spacecraft. After this fatal first mistake the possibility to sleep inside and a bit more comfort was added. This didn't prevent the advertising agency from using the terms "fly in your sleep" and "sleeping on clouds". After several lawsuits from customers with strange injuries the advertisment changed to a more down-to-earth direction.</description>
    <graphicData>
      <texPath>sd_goodnight/spacer/double/sd_goodnight_spacer_double_bed</texPath>
      <graphicClass>Graphic_Multi</graphicClass>
	  <shaderType>CutoutComplex</shaderType>
      <drawSize>(4,4)</drawSize>
      <damageData>
        <rect>(0,0.05,2,1.95)</rect>
      </damageData>
    </graphicData>
    <statBases>
      <MaxHitPoints>300</MaxHitPoints>
      <Flammability>1.0</Flammability>
      <WorkToBuild>4000</WorkToBuild>
	  <Mass>110</Mass>
      <Beauty>15</Beauty>
      <BedRestEffectiveness>1.25</BedRestEffectiveness>
      <Comfort>0.90</Comfort>
      <ImmunityGainSpeedFactor>1.1</ImmunityGainSpeedFactor>
    </statBases>
    <size>(2,2)</size>
	<stuffCategories>
      <li>Metallic</li>
    </stuffCategories>
    <costStuffCount>50</costStuffCount>
	<costList>
		<Steel>50</Steel>
		<Plasteel>5</Plasteel>
		<Cloth>25</Cloth>
		<ComponentSpacer>2</ComponentSpacer>
    </costList>
	<researchPrerequisites>
		<li>sd_goodnight_research_spacer_beds</li>
	</researchPrerequisites>
	<building>
      <bed_healPerDay>7</bed_healPerDay>
    </building>
	<constructionSkillPrerequisite>12</constructionSkillPrerequisite>
  </ThingDef>
    
  <!--================================ cryo double bed ======================================-->
  
  <ThingDef ParentName="SDGoodnightBedBase">
    <defName>sd_cryo_double_bed</defName>
    <label>crypto double bed</label>
    <description>A comfy crypto bed. Fits two. During the research of cryptosleep the possibilty of a short sleeping cycle based on this technology emerged. However most people still refuse to use these beds in fear of never waking up or losing several years by accident. This lead to several Rimworld legends. Although all exposed by scientists as fictional storys many people fear the device.</description>
    <graphicData>
      <texPath>sd_goodnight/spacer/double/sd_goodnight_spacer_cryo_double_bed</texPath>
      <graphicClass>Graphic_Multi</graphicClass>
	  <shaderType>CutoutComplex</shaderType>
      <drawSize>(4,4)</drawSize>
      <damageData>
        <rect>(0,0.05,2,1.95)</rect>
      </damageData>
    </graphicData>
    <statBases>
      <MaxHitPoints>300</MaxHitPoints>
      <Flammability>1.0</Flammability>
      <WorkToBuild>4000</WorkToBuild>
	  <Mass>110</Mass>
      <Beauty>15</Beauty>
      <BedRestEffectiveness>1.3</BedRestEffectiveness>
      <Comfort>0.90</Comfort>
      <ImmunityGainSpeedFactor>1.2</ImmunityGainSpeedFactor>
    </statBases>
    <size>(2,2)</size>
	<stuffCategories>
      <li>Metallic</li>
    </stuffCategories>
    <costStuffCount>50</costStuffCount>
	<costList>
		<Steel>50</Steel>
		<Plasteel>10</Plasteel>
		<MedicineUltratech>1</MedicineUltratech>
		<ComponentSpacer>2</ComponentSpacer>
    </costList>
	<researchPrerequisites>
		<li>sd_goodnight_research_spacer_beds</li>
	</researchPrerequisites>
	<building>
      <bed_healPerDay>7</bed_healPerDay>
    </building>
	<constructionSkillPrerequisite>12</constructionSkillPrerequisite>
  </ThingDef>
  
</Defs>